id,file,title,author,license,license_url,source_url,width,height
G001,G001.jpg,Eyeglasses (AM 71518-7).jpg,"API data
Catalogue record

Photo",CC BY 4.0,https://creativecommons.org/licenses/by/4.0,https://upload.wikimedia.org/wikipedia/commons/3/37/Eyeglasses_%28AM_71518-7%29.jpg,8688,5792
G002,G002.jpg,Eyeglasses (AM 71104-13).jpg,"API data
Catalogue record

Photo",CC BY 4.0,https://creativecommons.org/licenses/by/4.0,https://upload.wikimedia.org/wikipedia/commons/8/8b/Eyeglasses_%28AM_71104-13%29.jpg,8688,5792
G003,G003.jpg,Eyeglasses (AM 71104-19).jpg,"API data
Catalogue record

Photo",CC BY 4.0,https://creativecommons.org/licenses/by/4.0,https://upload.wikimedia.org/wikipedia/commons/d/d9/Eyeglasses_%28AM_71104-19%29.jpg,8688,5792
G004,G004.jpg,Eyeglasses (AM 71104-17).jpg,"API data
Catalogue record

Photo",CC BY 4.0,https://creativecommons.org/licenses/by/4.0,https://upload.wikimedia.org/wikipedia/commons/c/c5/Eyeglasses_%28AM_71104-17%29.jpg,8688,5792
G005,G005.jpg,Eyeglasses (AM 71518-3).jpg,"API data
Catalogue record

Photo",CC BY 4.0,https://creativecommons.org/licenses/by/4.0,https://upload.wikimedia.org/wikipedia/commons/0/00/Eyeglasses_%28AM_71518-3%29.jpg,2352,1860
G006,G006.jpg,Eyeglasses (AM 71104-8).jpg,"API data
Catalogue record

Photo",CC BY 4.0,https://creativecommons.org/licenses/by/4.0,https://upload.wikimedia.org/wikipedia/commons/f/fe/Eyeglasses_%28AM_71104-8%29.jpg,2244,1092
G007,G007.jpg,Eyeglasses (AM 1948.112-8).jpg,"API data
Catalogue record

Photo",CC BY 4.0,https://creativecommons.org/licenses/by/4.0,https://upload.wikimedia.org/wikipedia/commons/d/dc/Eyeglasses_%28AM_1948.112-8%29.jpg,2592,1944
G008,G008.jpg,Eyeglasses (AM 71518-6).jpg,"API data
Catalogue record

Photo",CC BY 4.0,https://creativecommons.org/licenses/by/4.0,https://upload.wikimedia.org/wikipedia/commons/7/75/Eyeglasses_%28AM_71518-6%29.jpg,8688,5792
G009,G009.jpg,Eyeglasses (AM 71518-5).jpg,"API data
Catalogue record

Photo",CC BY 4.0,https://creativecommons.org/licenses/by/4.0,https://upload.wikimedia.org/wikipedia/commons/c/c5/Eyeglasses_%28AM_71518-5%29.jpg,8688,5792
G010,G010.jpg,Eyeglasses (AM 71104-3).jpg,"API data
Catalogue record

Photo",CC BY 4.0,https://creativecommons.org/licenses/by/4.0,https://upload.wikimedia.org/wikipedia/commons/d/dc/Eyeglasses_%28AM_71104-3%29.jpg,1794,1620
G011,G011.jpg,Eyeglasses (AM 71518-8).jpg,"API data
Catalogue record

Photo",CC BY 4.0,https://creativecommons.org/licenses/by/4.0,https://upload.wikimedia.org/wikipedia/commons/a/a8/Eyeglasses_%28AM_71518-8%29.jpg,8688,5792
G012,G012.jpg,Eyeglasses (AM 71104-12).jpg,"API data
Catalogue record

Photo",CC BY 4.0,https://creativecommons.org/licenses/by/4.0,https://upload.wikimedia.org/wikipedia/commons/9/9e/Eyeglasses_%28AM_71104-12%29.jpg,8688,5792
G013,G013.jpg,Eyeglasses (AM 71104-9).jpg,"API data
Catalogue record

Photo",CC BY 4.0,https://creativecommons.org/licenses/by/4.0,https://upload.wikimedia.org/wikipedia/commons/5/52/Eyeglasses_%28AM_71104-9%29.jpg,2448,2340
G014,G014.jpg,Eyeglasses (AM 71518-2).jpg,"API data
Catalogue record

Photo",CC BY 4.0,https://creativecommons.org/licenses/by/4.0,https://upload.wikimedia.org/wikipedia/commons/f/fb/Eyeglasses_%28AM_71518-2%29.jpg,1860,1698
G015,G015.jpg,Eyeglasses (AM 71104-4).jpg,"API data
Catalogue record

Photo",CC BY 4.0,https://creativecommons.org/licenses/by/4.0,https://upload.wikimedia.org/wikipedia/commons/a/af/Eyeglasses_%28AM_71104-4%29.jpg,1710,2042
G016,G016.jpg,Eyeglasses (AM 71104-10).jpg,"API data
Catalogue record

Photo",CC BY 4.0,https://creativecommons.org/licenses/by/4.0,https://upload.wikimedia.org/wikipedia/commons/3/32/Eyeglasses_%28AM_71104-10%29.jpg,2394,1428
G017,G017.jpg,Eyeglasses (AM 71104-18).jpg,"API data
Catalogue record

Photo",CC BY 4.0,https://creativecommons.org/licenses/by/4.0,https://upload.wikimedia.org/wikipedia/commons/a/a3/Eyeglasses_%28AM_71104-18%29.jpg,8688,5792
G018,G018.jpg,Eyeglasses (AM 71518-4).jpg,"API data
Catalogue record

Photo",CC BY 4.0,https://creativecommons.org/licenses/by/4.0,https://upload.wikimedia.org/wikipedia/commons/3/37/Eyeglasses_%28AM_71518-4%29.jpg,8688,5792
G019,G019.jpg,Eyeglasses (AM 1948.112-4).jpg,"API data
Catalogue record

Photo",CC BY 4.0,https://creativecommons.org/licenses/by/4.0,https://upload.wikimedia.org/wikipedia/commons/1/15/Eyeglasses_%28AM_1948.112-4%29.jpg,2592,1944
G020,G020.jpg,Eyeglasses (AM 71104-16).jpg,"API data
Catalogue record

Photo",CC BY 4.0,https://creativecommons.org/licenses/by/4.0,https://upload.wikimedia.org/wikipedia/commons/8/86/Eyeglasses_%28AM_71104-16%29.jpg,8688,5792
G021,G021.jpg,Eyeglasses (AM 1948.112-2).jpg,"API data
Catalogue record

Photo",CC BY 4.0,https://creativecommons.org/licenses/by/4.0,https://upload.wikimedia.org/wikipedia/commons/e/e3/Eyeglasses_%28AM_1948.112-2%29.jpg,2592,1944
G022,G022.jpg,Eyeglasses (AM 71104-14).jpg,"API data
Catalogue record

Photo",CC BY 4.0,https://creativecommons.org/licenses/by/4.0,https://upload.wikimedia.org/wikipedia/commons/4/4e/Eyeglasses_%28AM_71104-14%29.jpg,8688,5792
G023,G023.jpg,Eyeglasses (AM 71104-7).jpg,"API data
Catalogue record

Photo",CC BY 4.0,https://creativecommons.org/licenses/by/4.0,https://upload.wikimedia.org/wikipedia/commons/6/6a/Eyeglasses_%28AM_71104-7%29.jpg,1980,2042
G024,G024.jpg,Eyeglasses (AM 71518-1).jpg,"API data
Catalogue record

Photo",CC BY 4.0,https://creativecommons.org/licenses/by/4.0,https://upload.wikimedia.org/wikipedia/commons/a/a5/Eyeglasses_%28AM_71518-1%29.jpg,1830,1392
G025,G025.jpg,"Chain, eyeglasses (AM 71222-1).jpg",Autold,CC BY 4.0,https://creativecommons.org/licenses/by/4.0,https://upload.wikimedia.org/wikipedia/commons/9/91/Chain%2C_eyeglasses_%28AM_71222-1%29.jpg,2176,1632
G026,G026.jpg,Eyeglasses (AM 1948.112-5).jpg,"API data
Catalogue record

Photo",CC BY 4.0,https://creativecommons.org/licenses/by/4.0,https://upload.wikimedia.org/wikipedia/commons/a/a9/Eyeglasses_%28AM_1948.112-5%29.jpg,2592,1944
G027,G027.jpg,Eyeglasses (AM 1948.112-6).jpg,"API data
Catalogue record

Photo",CC BY 4.0,https://creativecommons.org/licenses/by/4.0,https://upload.wikimedia.org/wikipedia/commons/8/80/Eyeglasses_%28AM_1948.112-6%29.jpg,2592,1944
G028,G028.jpg,"Chain, eyeglasses (AM 71222-5).jpg",Autold,CC BY 4.0,https://creativecommons.org/licenses/by/4.0,https://upload.wikimedia.org/wikipedia/commons/c/c0/Chain%2C_eyeglasses_%28AM_71222-5%29.jpg,8688,5792
G029,G029.jpg,"Chain, eyeglasses (AM 71222-4).jpg",Autold,CC BY 4.0,https://creativecommons.org/licenses/by/4.0,https://upload.wikimedia.org/wikipedia/commons/3/32/Chain%2C_eyeglasses_%28AM_71222-4%29.jpg,8688,5792
G030,G030.jpg,Eyeglasses (AM 1948.112-9).jpg,"API data
Catalogue record

Photo",CC BY 4.0,https://creativecommons.org/licenses/by/4.0,https://upload.wikimedia.org/wikipedia/commons/e/e2/Eyeglasses_%28AM_1948.112-9%29.jpg,2592,1944
G031,G031.jpg,"Chain, eyeglasses (AM 71222-2).jpg",Autold,CC BY 4.0,https://creativecommons.org/licenses/by/4.0,https://upload.wikimedia.org/wikipedia/commons/d/d3/Chain%2C_eyeglasses_%28AM_71222-2%29.jpg,2176,1632
G032,G032.jpg,Eyeglasses (AM 1969.219-6).jpg,"API data
Catalogue record

Photo",CC BY 4.0,https://creativecommons.org/licenses/by/4.0,https://upload.wikimedia.org/wikipedia/commons/e/e0/Eyeglasses_%28AM_1969.219-6%29.jpg,8688,5792
G033,G033.jpg,Eyeglasses (AM 1969.219-2).jpg,"API data
Catalogue record

Photo",CC BY 4.0,https://creativecommons.org/licenses/by/4.0,https://upload.wikimedia.org/wikipedia/commons/7/70/Eyeglasses_%28AM_1969.219-2%29.jpg,3264,1632
G034,G034.jpg,"Chain, eyeglasses (AM 71222-3).jpg",Autold,CC BY 4.0,https://creativecommons.org/licenses/by/4.0,https://upload.wikimedia.org/wikipedia/commons/7/7a/Chain%2C_eyeglasses_%28AM_71222-3%29.jpg,2179,1632
G035,G035.jpg,Eyeglasses (AM 71104-11).jpg,"API data
Catalogue record

Photo",CC BY 4.0,https://creativecommons.org/licenses/by/4.0,https://upload.wikimedia.org/wikipedia/commons/c/ce/Eyeglasses_%28AM_71104-11%29.jpg,2084,1260
G036,G036.jpg,Eyeglasses (AM 71104-15).jpg,"API data
Catalogue record

Photo",CC BY 4.0,https://creativecommons.org/licenses/by/4.0,https://upload.wikimedia.org/wikipedia/commons/7/70/Eyeglasses_%28AM_71104-15%29.jpg,8688,5792
G037,G037.jpg,Cat eye sunglasses.jpg,Shiva Theerthagiri,CC BY 4.0,https://creativecommons.org/licenses/by/4.0,https://upload.wikimedia.org/wikipedia/commons/f/fe/Cat_eye_sunglasses.jpg,2113,1844
G038,G038.jpg,"Hans Anders sunglasses, Winschoten (2019) 01.jpg","Donald Trung Quoc Don (Chữ Hán: 徵國單) - Wikimedia Commons - © CC BY-SA 4.0 International.(Want to use this image?)Original publication 📤: --Donald Trung 『徵國單』 (No Fake News 💬) (WikiProject Numismatics 💴) (Articles 📚) 20:39, 13 June 2019 (UTC)",CC BY-SA 4.0,https://creativecommons.org/licenses/by-sa/4.0,https://upload.wikimedia.org/wikipedia/commons/3/3d/Hans_Anders_sunglasses%2C_Winschoten_%282019%29_01.jpg,4864,2736
G039,G039.jpg,"Hans Anders sunglasses, Winschoten (2019) 02.jpg","Donald Trung Quoc Don (Chữ Hán: 徵國單) - Wikimedia Commons - © CC BY-SA 4.0 International.(Want to use this image?)Original publication 📤: --Donald Trung 『徵國單』 (No Fake News 💬) (WikiProject Numismatics 💴) (Articles 📚) 20:39, 13 June 2019 (UTC)",CC BY-SA 4.0,https://creativecommons.org/licenses/by-sa/4.0,https://upload.wikimedia.org/wikipedia/commons/8/8d/Hans_Anders_sunglasses%2C_Winschoten_%282019%29_02.jpg,4864,2736
G040,G040.jpg,"Mezmay, Sports sunglasses, Black sunglasses, Russia.jpg",Vyacheslav Argenberg,CC BY 4.0,https://creativecommons.org/licenses/by/4.0,https://upload.wikimedia.org/wikipedia/commons/d/de/Mezmay%2C_Sports_sunglasses%2C_Black_sunglasses%2C_Russia.jpg,4912,3264
G041,G041.jpg,Vuarnet sunglasses (9082163704).jpg,Barnaby Dorfman,CC BY-SA 2.0,https://creativecommons.org/licenses/by-sa/2.0,https://upload.wikimedia.org/wikipedia/commons/1/10/Vuarnet_sunglasses_%289082163704%29.jpg,612,612
G042,G042.jpg,Gold rim sunglasses (1474039438).jpg,marlise rodrigues from brasil,CC BY 2.0,https://creativecommons.org/licenses/by/2.0,https://upload.wikimedia.org/wikipedia/commons/0/0f/Gold_rim_sunglasses_%281474039438%29.jpg,828,562
G043,G043.jpg,"Heart sunglasses, front view.jpg",ShyAndroid,CC0,http://creativecommons.org/publicdomain/zero/1.0/deed.en,https://upload.wikimedia.org/wikipedia/commons/b/b5/Heart_sunglasses%2C_front_view.jpg,3645,1460
G044,G044.jpg,"Jan 05 2011 -Day 065- ""Retro Sunglasses"" (5328176833).jpg",JamesInOregon,CC BY 2.0,https://creativecommons.org/licenses/by/2.0,https://upload.wikimedia.org/wikipedia/commons/d/d6/Jan_05_2011_-Day_065-_%22Retro_Sunglasses%22_%285328176833%29.jpg,2560,1920
G045,G045.jpg,Ombraz Product Breakdown.jpg,Jensen Brehm,CC BY-SA 4.0,https://creativecommons.org/licenses/by-sa/4.0,https://upload.wikimedia.org/wikipedia/commons/d/d9/Ombraz_Product_Breakdown.jpg,833,714
G046,G046.jpg,Rayflector Sunglasses 30B Commercial Road 2014-08-05.jpg,Maggie Jones,Public domain,,https://upload.wikimedia.org/wikipedia/commons/6/6c/Rayflector_Sunglasses_30B_Commercial_Road_2014-08-05.jpg,3456,5184
