id,file,title,author,license,license_url,source_url
G001,G001.jpg,Eyeglasses (AM 71518-7).jpg,"API data
Catalogue record

Photo",CC BY 4.0,https://creativecommons.org/licenses/by/4.0,https://upload.wikimedia.org/wikipedia/commons/3/37/Eyeglasses_%28AM_71518-7%29.jpg
G002,G002.jpg,Eyeglasses (AM 71104-13).jpg,"API data
Catalogue record

Photo",CC BY 4.0,https://creativecommons.org/licenses/by/4.0,https://upload.wikimedia.org/wikipedia/commons/8/8b/Eyeglasses_%28AM_71104-13%29.jpg
G003,G003.jpg,Eyeglasses (AM 71104-19).jpg,"API data
Catalogue record

Photo",CC BY 4.0,https://creativecommons.org/licenses/by/4.0,https://upload.wikimedia.org/wikipedia/commons/d/d9/Eyeglasses_%28AM_71104-19%29.jpg
G004,G004.jpg,Eyeglasses (AM 71104-17).jpg,"API data
Catalogue record

Photo",CC BY 4.0,https://creativecommons.org/licenses/by/4.0,https://upload.wikimedia.org/wikipedia/commons/c/c5/Eyeglasses_%28AM_71104-17%29.jpg
G005,G005.jpg,Eyeglasses (AM 71518-3).jpg,"API data
Catalogue record

Photo",CC BY 4.0,https://creativecommons.org/licenses/by/4.0,https://upload.wikimedia.org/wikipedia/commons/0/00/Eyeglasses_%28AM_71518-3%29.jpg
G006,G006.jpg,Eyeglasses (AM 71104-8).jpg,"API data
Catalogue record

Photo",CC BY 4.0,https://creativecommons.org/licenses/by/4.0,https://upload.wikimedia.org/wikipedia/commons/f/fe/Eyeglasses_%28AM_71104-8%29.jpg
G008,G008.jpg,Eyeglasses (AM 71518-6).jpg,"API data
Catalogue record

Photo",CC BY 4.0,https://creativecommons.org/licenses/by/4.0,https://upload.wikimedia.org/wikipedia/commons/7/75/Eyeglasses_%28AM_71518-6%29.jpg
G009,G009.jpg,Eyeglasses (AM 71518-5).jpg,"API data
Catalogue record

Photo",CC BY 4.0,https://creativecommons.org/licenses/by/4.0,https://upload.wikimedia.org/wikipedia/commons/c/c5/Eyeglasses_%28AM_71518-5%29.jpg
G010,G010.jpg,Eyeglasses (AM 71104-3).jpg,"API data
Catalogue record

Photo",CC BY 4.0,https://creativecommons.org/licenses/by/4.0,https://upload.wikimedia.org/wikipedia/commons/d/dc/Eyeglasses_%28AM_71104-3%29.jpg
G011,G011.jpg,Eyeglasses (AM 71518-8).jpg,"API data
Catalogue record

Photo",CC BY 4.0,https://creativecommons.org/licenses/by/4.0,https://upload.wikimedia.org/wikipedia/commons/a/a8/Eyeglasses_%28AM_71518-8%29.jpg
G012,G012.jpg,Eyeglasses (AM 71104-12).jpg,"API data
Catalogue record

Photo",CC BY 4.0,https://creativecommons.org/licenses/by/4.0,https://upload.wikimedia.org/wikipedia/commons/9/9e/Eyeglasses_%28AM_71104-12%29.jpg
G013,G013.jpg,Eyeglasses (AM 71104-9).jpg,"API data
Catalogue record

Photo",CC BY 4.0,https://creativecommons.org/licenses/by/4.0,https://upload.wikimedia.org/wikipedia/commons/5/52/Eyeglasses_%28AM_71104-9%29.jpg
G014,G014.jpg,Eyeglasses (AM 71518-2).jpg,"API data
Catalogue record

Photo",CC BY 4.0,https://creativecommons.org/licenses/by/4.0,https://upload.wikimedia.org/wikipedia/commons/f/fb/Eyeglasses_%28AM_71518-2%29.jpg
G015,G015.jpg,Eyeglasses (AM 71104-4).jpg,"API data
Catalogue record

Photo",CC BY 4.0,https://creativecommons.org/licenses/by/4.0,https://upload.wikimedia.org/wikipedia/commons/a/af/Eyeglasses_%28AM_71104-4%29.jpg
G016,G016.jpg,Eyeglasses (AM 71104-10).jpg,"API data
Catalogue record

Photo",CC BY 4.0,https://creativecommons.org/licenses/by/4.0,https://upload.wikimedia.org/wikipedia/commons/3/32/Eyeglasses_%28AM_71104-10%29.jpg
G018,G018.jpg,Eyeglasses (AM 71518-4).jpg,"API data
Catalogue record

Photo",CC BY 4.0,https://creativecommons.org/licenses/by/4.0,https://upload.wikimedia.org/wikipedia/commons/3/37/Eyeglasses_%28AM_71518-4%29.jpg
G019,G019.jpg,Eyeglasses (AM 1948.112-4).jpg,"API data
Catalogue record

Photo",CC BY 4.0,https://creativecommons.org/licenses/by/4.0,https://upload.wikimedia.org/wikipedia/commons/1/15/Eyeglasses_%28AM_1948.112-4%29.jpg
G022,G022.jpg,Eyeglasses (AM 71104-14).jpg,"API data
Catalogue record

Photo",CC BY 4.0,https://creativecommons.org/licenses/by/4.0,https://upload.wikimedia.org/wikipedia/commons/4/4e/Eyeglasses_%28AM_71104-14%29.jpg
G023,G023.jpg,Eyeglasses (AM 71104-7).jpg,"API data
Catalogue record

Photo",CC BY 4.0,https://creativecommons.org/licenses/by/4.0,https://upload.wikimedia.org/wikipedia/commons/6/6a/Eyeglasses_%28AM_71104-7%29.jpg
G024,G024.jpg,Eyeglasses (AM 71518-1).jpg,"API data
Catalogue record

Photo",CC BY 4.0,https://creativecommons.org/licenses/by/4.0,https://upload.wikimedia.org/wikipedia/commons/a/a5/Eyeglasses_%28AM_71518-1%29.jpg
G035,G035.jpg,Eyeglasses (AM 71104-11).jpg,"API data
Catalogue record

Photo",CC BY 4.0,https://creativecommons.org/licenses/by/4.0,https://upload.wikimedia.org/wikipedia/commons/c/ce/Eyeglasses_%28AM_71104-11%29.jpg
G036,G036.jpg,Eyeglasses (AM 71104-15).jpg,"API data
Catalogue record

Photo",CC BY 4.0,https://creativecommons.org/licenses/by/4.0,https://upload.wikimedia.org/wikipedia/commons/7/70/Eyeglasses_%28AM_71104-15%29.jpg
G037,G037.jpg,Cat eye sunglasses.jpg,Shiva Theerthagiri,CC BY 4.0,https://creativecommons.org/licenses/by/4.0,https://upload.wikimedia.org/wikipedia/commons/f/fe/Cat_eye_sunglasses.jpg
G038,G038.jpg,"Hans Anders sunglasses, Winschoten (2019) 01.jpg","Donald Trung Quoc Don (Chữ Hán: 徵國單) - Wikimedia Commons - © CC BY-SA 4.0 International.(Want to use this image?)Original publication 📤: --Donald Trung 『徵國單』 (No Fake News 💬) (WikiProject Numismatics 💴) (Articles 📚) 20:39, 13 June 2019 (UTC)",CC BY-SA 4.0,https://creativecommons.org/licenses/by-sa/4.0,https://upload.wikimedia.org/wikipedia/commons/3/3d/Hans_Anders_sunglasses%2C_Winschoten_%282019%29_01.jpg
G040,G040.jpg,"Mezmay, Sports sunglasses, Black sunglasses, Russia.jpg",Vyacheslav Argenberg,CC BY 4.0,https://creativecommons.org/licenses/by/4.0,https://upload.wikimedia.org/wikipedia/commons/d/de/Mezmay%2C_Sports_sunglasses%2C_Black_sunglasses%2C_Russia.jpg
G042,G042.jpg,Gold rim sunglasses (1474039438).jpg,marlise rodrigues from brasil,CC BY 2.0,https://creativecommons.org/licenses/by/2.0,https://upload.wikimedia.org/wikipedia/commons/0/0f/Gold_rim_sunglasses_%281474039438%29.jpg
G043,G043.jpg,"Heart sunglasses, front view.jpg",ShyAndroid,CC0,http://creativecommons.org/publicdomain/zero/1.0/deed.en,https://upload.wikimedia.org/wikipedia/commons/b/b5/Heart_sunglasses%2C_front_view.jpg
G044,G044.jpg,"Jan 05 2011 -Day 065- ""Retro Sunglasses"" (5328176833).jpg",JamesInOregon,CC BY 2.0,https://creativecommons.org/licenses/by/2.0,https://upload.wikimedia.org/wikipedia/commons/d/d6/Jan_05_2011_-Day_065-_%22Retro_Sunglasses%22_%285328176833%29.jpg
G045,G045.jpg,Ombraz Product Breakdown.jpg,Jensen Brehm,CC BY-SA 4.0,https://creativecommons.org/licenses/by-sa/4.0,https://upload.wikimedia.org/wikipedia/commons/d/d9/Ombraz_Product_Breakdown.jpg
